{"Face_1": {"Age_Median": 5.655172413793104, "Smile": 9.6, "Gender": 0.0015048980712890625, "Age_Range": 5.8, "Average_Color": [250.0, 187.5, 2.5]}}